[
  {
    "id": "original-1",
    "title": "Angels set of 3 9in x12in - Original",
    "price": 50,
    "stock": 1,
    "type": "original"
  },
  {
    "id": "print-1",
    "title": "Angels set of 3 9in x12in - Print",
    "price": 20,
    "stock": 10,
    "type": "print"
  },
  {
    "id": "original-2",
    "title": "Barn 9in x 12in - Original",
    "price": 25,
    "stock": 1,
    "type": "original"
  },
  {
    "id": "print-2",
    "title": "Barn 9in x 12in - Print",
    "price": 10,
    "stock": 10,
    "type": "print"
  },
  {
    "id": "original-3",
    "title": "Mermaid Dreams 9in x 12in - Original",
    "price": 25,
    "stock": 1,
    "type": "original"
  },
  {
    "id": "print-3",
    "title": "Mermaid Dreams 9in x 12in - Print",
    "price": 10,
    "stock": 10,
    "type": "print"
  },
  {
    "id": "original-4",
    "title": "Mermaid Dreams 9in x 12in - Original",
    "price": 25,
    "stock": 1,
    "type": "original"
  },
  {
    "id": "print-4",
    "title": "Mermaid Dreams 9in x 12in - Print",
    "price": 10,
    "stock": 10,
    "type": "print"
  },
  {
    "id": "original-5",
    "title": "Lighthouse Big Red 11in x 14in - Original",
    "price": 30,
    "stock": 1,
    "type": "original"
  },
  {
    "id": "print-5",
    "title": "Lighthouse Big Red 11in x 14in - Print",
    "price": 12,
    "stock": 10,
    "type": "print"
  },
  {
    "id": "original-6",
    "title": "Pumpkin Man 9in x 12in - Original",
    "price": 20,
    "stock": 1,
    "type": "original"
  },
  {
    "id": "print-6",
    "title": "Pumpkin Man 9in x 12in - Print",
    "price": 8,
    "stock": 10,
    "type": "print"
  },
  {
    "id": "original-7",
    "title": "Love Tree 11in x 14in - Original",
    "price": 25,
    "stock": 1,
    "type": "original"
  },
  {
    "id": "print-7",
    "title": "Love Tree 11in x 14in - Print",
    "price": 10,
    "stock": 10,
    "type": "print"
  },
  {
    "id": "original-8",
    "title": "Sunburst 11in x 14in - Original",
    "price": 25,
    "stock": 1,
    "type": "original"
  },
  {
    "id": "print-8",
    "title": "Sunburst 11in x 14in - Print",
    "price": 10,
    "stock": 10,
    "type": "print"
  },
  {
    "id": "original-9",
    "title": "Big Sky 11in x 14in - Original",
    "price": 25,
    "stock": 1,
    "type": "original"
  },
  {
    "id": "print-9",
    "title": "Big Sky 11in x 14in - Print",
    "price": 10,
    "stock": 10,
    "type": "print"
  },
  {
    "id": "original-10",
    "title": "Corey's Turtle Prints only - Original",
    "price": 10,
    "stock": 1,
    "type": "original"
  },
  {
    "id": "print-10",
    "title": "Corey's Turtle Prints only - Print",
    "price": 5,
    "stock": 10,
    "type": "print"
  },
  {
    "id": "original-11",
    "title": "Swan 11in x 15in - Original",
    "price": 25,
    "stock": 1,
    "type": "original"
  },
  {
    "id": "print-11",
    "title": "Swan 11in x 15in - Print",
    "price": 10,
    "stock": 10,
    "type": "print"
  },
  {
    "id": "original-12",
    "title": "Pumpkin Patch pair 11in x 15in - Original",
    "price": 40,
    "stock": 1,
    "type": "original"
  },
  {
    "id": "print-12",
    "title": "Pumpkin Patch pair 11in x 15in - Print",
    "price": 16,
    "stock": 10,
    "type": "print"
  },
  {
    "id": "original-13",
    "title": "Red Sky 11in x 14in - Original",
    "price": 25,
    "stock": 1,
    "type": "original"
  },
  {
    "id": "print-13",
    "title": "Red Sky 11in x 14in - Print",
    "price": 10,
    "stock": 10,
    "type": "print"
  },
  {
    "id": "original-14",
    "title": "Beach Day 9in x 12in - Original",
    "price": 20,
    "stock": 1,
    "type": "original"
  },
  {
    "id": "print-14",
    "title": "Beach Day 9in x 12in - Print",
    "price": 8,
    "stock": 10,
    "type": "print"
  },
  {
    "id": "original-15",
    "title": "Blessings 9in x 12in - Original",
    "price": 15,
    "stock": 1,
    "type": "original"
  },
  {
    "id": "print-15",
    "title": "Blessings 9in x 12in - Print",
    "price": 6,
    "stock": 10,
    "type": "print"
  },
  {
    "id": "original-16",
    "title": "Koi Fish 9in x 12in - Original",
    "price": 20,
    "stock": 1,
    "type": "original"
  },
  {
    "id": "print-16",
    "title": "Koi Fish 9in x 12in - Print",
    "price": 8,
    "stock": 10,
    "type": "print"
  },
  {
    "id": "original-17",
    "title": "Lavender 8in x 10in - Original",
    "price": 15,
    "stock": 1,
    "type": "original"
  },
  {
    "id": "print-17",
    "title": "Lavender 8in x 10in - Print",
    "price": 6,
    "stock": 10,
    "type": "print"
  },
  {
    "id": "original-18",
    "title": "Blue Sparkel 8in x 10in - Original",
    "price": 15,
    "stock": 1,
    "type": "original"
  },
  {
    "id": "print-18",
    "title": "Blue Sparkel 8in x 10in - Print",
    "price": 6,
    "stock": 10,
    "type": "print"
  },
  {
    "id": "original-19",
    "title": "Wavy Blue 8in x 10in - Original",
    "price": 15,
    "stock": 1,
    "type": "original"
  },
  {
    "id": "print-19",
    "title": "Wavy Blue 8in x 10in - Print",
    "price": 6,
    "stock": 10,
    "type": "print"
  },
  {
    "id": "original-20",
    "title": "Full Moon 8in x 10in - Original",
    "price": 15,
    "stock": 1,
    "type": "original"
  },
  {
    "id": "print-20",
    "title": "Full Moon 8in x 10in - Print",
    "price": 6,
    "stock": 10,
    "type": "print"
  },
  {
    "id": "original-21",
    "title": "Blue Calm 8in x 10in - Original",
    "price": 15,
    "stock": 1,
    "type": "original"
  },
  {
    "id": "print-21",
    "title": "Blue Calm 8in x 10in - Print",
    "price": 6,
    "stock": 10,
    "type": "print"
  },
  {
    "id": "original-23",
    "title": "Night Sea 8in x 10in - Original",
    "price": 15,
    "stock": 1,
    "type": "original"
  },
  {
    "id": "print-23",
    "title": "Night Sea 8in x 10in - Print",
    "price": 6,
    "stock": 10,
    "type": "print"
  },
  {
    "id": "original-24",
    "title": "SunShine 8in x 10in - Original",
    "price": 20,
    "stock": 1,
    "type": "original"
  },
  {
    "id": "print-24",
    "title": "SunShine 8in x 10in - Print",
    "price": 8,
    "stock": 10,
    "type": "print"
  },
  {
    "id": "original-25",
    "title": "Behind the Fence 8in x10in - Original",
    "price": 20,
    "stock": 1,
    "type": "original"
  },
  {
    "id": "print-25",
    "title": "Behind the Fence 8in x10in - Print",
    "price": 8,
    "stock": 10,
    "type": "print"
  },
  {
    "id": "original-26",
    "title": "On the Shore 9in x 12in - Original",
    "price": 20,
    "stock": 1,
    "type": "original"
  },
  {
    "id": "print-26",
    "title": "On the Shore 9in x 12in - Print",
    "price": 8,
    "stock": 10,
    "type": "print"
  },
  {
    "id": "charmin-1",
    "title": "Charmin's Artwork #1",
    "price": 15,
    "stock": 10,
    "type": "print"
  },
  {
    "id": "charmin-2",
    "title": "Charmin's Artwork #2",
    "price": 15,
    "stock": 10,
    "type": "print"
  },
  {
    "id": "charmin-3",
    "title": "Charmin's Artwork #3",
    "price": 15,
    "stock": 10,
    "type": "print"
  },
  {
    "id": "charmin-4",
    "title": "Charmin's Artwork #4",
    "price": 15,
    "stock": 10,
    "type": "print"
  },
  {
    "id": "charmin-5",
    "title": "Charmin's Artwork #5",
    "price": 15,
    "stock": 10,
    "type": "print"
  },
  {
    "id": "charmin-6",
    "title": "Charmin's Artwork #6",
    "price": 15,
    "stock": 10,
    "type": "print"
  },
  {
    "id": "charmin-7",
    "title": "Charmin's Artwork #7",
    "price": 15,
    "stock": 10,
    "type": "print"
  },
  {
    "id": "charmin-8",
    "title": "Charmin's Artwork #8",
    "price": 15,
    "stock": 10,
    "type": "print"
  },
  {
    "id": "charmin-9",
    "title": "Charmin's Artwork #9",
    "price": 15,
    "stock": 10,
    "type": "print"
  },
  {
    "id": "charmin-10",
    "title": "Charmin's Artwork #10",
    "price": 15,
    "stock": 10,
    "type": "print"
  },
  {
    "id": "charmin-11",
    "title": "Charmin's Artwork #11",
    "price": 15,
    "stock": 10,
    "type": "print"
  },
  {
    "id": "charmin-12",
    "title": "Charmin's Artwork #12",
    "price": 15,
    "stock": 10,
    "type": "print"
  },
  {
    "id": "charmin-13",
    "title": "Charmin's Artwork #13",
    "price": 15,
    "stock": 10,
    "type": "print"
  },
  {
    "id": "charmin-14",
    "title": "Charmin's Artwork #14",
    "price": 15,
    "stock": 10,
    "type": "print"
  },
  {
    "id": "charmin-15",
    "title": "Charmin's Artwork #15",
    "price": 15,
    "stock": 10,
    "type": "print"
  },
  {
    "id": "charmin-16",
    "title": "Charmin's Artwork #16",
    "price": 15,
    "stock": 10,
    "type": "print"
  },
  {
    "id": "charmin-17",
    "title": "Charmin's Artwork #17",
    "price": 15,
    "stock": 10,
    "type": "print"
  },
  {
    "id": "charmin-18",
    "title": "Charmin's Artwork #18",
    "price": 15,
    "stock": 10,
    "type": "print"
  },
  {
    "id": "charmin-19",
    "title": "Charmin's Artwork #19",
    "price": 15,
    "stock": 10,
    "type": "print"
  },
  {
    "id": "charmin-20",
    "title": "Charmin's Artwork #20",
    "price": 15,
    "stock": 10,
    "type": "print"
  },
  {
    "id": "charmin-21",
    "title": "Charmin's Artwork #21",
    "price": 15,
    "stock": 10,
    "type": "print"
  },
  {
    "id": "charmin-22",
    "title": "Charmin's Artwork #22",
    "price": 15,
    "stock": 10,
    "type": "print"
  },
  {
    "id": "charmin-23",
    "title": "Charmin's Artwork #23",
    "price": 15,
    "stock": 10,
    "type": "print"
  },
  {
    "id": "charmin-24",
    "title": "Charmin's Artwork #24",
    "price": 15,
    "stock": 10,
    "type": "print"
  },
  {
    "id": "charmin-25",
    "title": "Charmin's Artwork #25",
    "price": 15,
    "stock": 10,
    "type": "print"
  },
  {
    "id": "charmin-26",
    "title": "Charmin's Artwork #26",
    "price": 15,
    "stock": 10,
    "type": "print"
  },
  {
    "id": "charmin-27",
    "title": "Charmin's Artwork #27",
    "price": 15,
    "stock": 10,
    "type": "print"
  },
  {
    "id": "charmin-28",
    "title": "Charmin's Artwork #28",
    "price": 15,
    "stock": 10,
    "type": "print"
  },
  {
    "id": "charmin-29",
    "title": "Charmin's Artwork #29",
    "price": 15,
    "stock": 10,
    "type": "print"
  },
  {
    "id": "charmin-30",
    "title": "Charmin's Artwork #30",
    "price": 15,
    "stock": 10,
    "type": "print"
  },
  {
    "id": "charmin-31",
    "title": "Charmin's Artwork #31",
    "price": 15,
    "stock": 10,
    "type": "print"
  },
  {
    "id": "charmin-32",
    "title": "Charmin's Artwork #32",
    "price": 15,
    "stock": 10,
    "type": "print"
  },
  {
    "id": "charmin-33",
    "title": "Charmin's Artwork #33",
    "price": 15,
    "stock": 10,
    "type": "print"
  },
  {
    "id": "charmin-34",
    "title": "Charmin's Artwork #34",
    "price": 15,
    "stock": 10,
    "type": "print"
  },
  {
    "id": "charmin-35",
    "title": "Charmin's Artwork #35",
    "price": 15,
    "stock": 10,
    "type": "print"
  },
  {
    "id": "charmin-36",
    "title": "Charmin's Artwork #36",
    "price": 15,
    "stock": 10,
    "type": "print"
  },
  {
    "id": "charmin-38",
    "title": "Charmin's Artwork #38",
    "price": 15,
    "stock": 10,
    "type": "print"
  },
  {
    "id": "charmin-39",
    "title": "Charmin's Artwork #39",
    "price": 15,
    "stock": 10,
    "type": "print"
  },
  {
    "id": "charmin-40",
    "title": "Charmin's Artwork #40",
    "price": 15,
    "stock": 10,
    "type": "print"
  },
  {
    "id": "charmin-41",
    "title": "Charmin's Artwork #41",
    "price": 15,
    "stock": 10,
    "type": "print"
  },
  {
    "id": "charmin-42",
    "title": "Charmin's Artwork #42",
    "price": 15,
    "stock": 10,
    "type": "print"
  },
  {
    "id": "charmin-43",
    "title": "Charmin's Artwork #43",
    "price": 15,
    "stock": 10,
    "type": "print"
  },
  {
    "id": "charmin-44",
    "title": "Charmin's Artwork #44",
    "price": 15,
    "stock": 10,
    "type": "print"
  },
  {
    "id": "charmin-45",
    "title": "Charmin's Artwork #45",
    "price": 15,
    "stock": 10,
    "type": "print"
  },
  {
    "id": "charmin-46",
    "title": "Charmin's Artwork #46",
    "price": 15,
    "stock": 10,
    "type": "print"
  },
  {
    "id": "charmin-47",
    "title": "Charmin's Artwork #47",
    "price": 15,
    "stock": 10,
    "type": "print"
  },
  {
    "id": "charmin-48",
    "title": "Charmin's Artwork #48",
    "price": 15,
    "stock": 10,
    "type": "print"
  },
  {
    "id": "charmin-49",
    "title": "Charmin's Artwork #49",
    "price": 15,
    "stock": 10,
    "type": "print"
  },
  {
    "id": "charmin-50",
    "title": "Charmin's Artwork #50",
    "price": 15,
    "stock": 10,
    "type": "print"
  },
  {
    "id": "charmin-51",
    "title": "Charmin's Artwork #51",
    "price": 15,
    "stock": 10,
    "type": "print"
  },
  {
    "id": "charmin-52",
    "title": "Charmin's Artwork #52",
    "price": 15,
    "stock": 10,
    "type": "print"
  },
  {
    "id": "charmin-53",
    "title": "Charmin's Artwork #53",
    "price": 15,
    "stock": 10,
    "type": "print"
  },
  {
    "id": "charmin-54",
    "title": "Charmin's Artwork #54",
    "price": 15,
    "stock": 10,
    "type": "print"
  },
  {
    "id": "charmin-55",
    "title": "Charmin's Artwork #55",
    "price": 15,
    "stock": 10,
    "type": "print"
  },
  {
    "id": "charmin-56",
    "title": "Charmin's Artwork #56",
    "price": 15,
    "stock": 10,
    "type": "print"
  },
  {
    "id": "charmin-57",
    "title": "Charmin's Artwork #57",
    "price": 15,
    "stock": 10,
    "type": "print"
  },
  {
    "id": "charmin-58",
    "title": "Charmin's Artwork #58",
    "price": 15,
    "stock": 10,
    "type": "print"
  },
  {
    "id": "charmin-60",
    "title": "Charmin's Artwork #60",
    "price": 15,
    "stock": 10,
    "type": "print"
  },
  {
    "id": "charmin-70",
    "title": "Charmin's Artwork #70",
    "price": 15,
    "stock": 10,
    "type": "print"
  },
  {
    "id": "charmin-71",
    "title": "Charmin's Artwork #71",
    "price": 15,
    "stock": 10,
    "type": "print"
  },
  {
    "id": "charmin-72",
    "title": "Charmin's Artwork #72",
    "price": 15,
    "stock": 10,
    "type": "print"
  },
  {
    "id": "charmin-73",
    "title": "Charmin's Artwork #73",
    "price": 15,
    "stock": 10,
    "type": "print"
  },
  {
    "id": "charmin-74",
    "title": "Charmin's Artwork #74",
    "price": 15,
    "stock": 10,
    "type": "print"
  },
  {
    "id": "charmin-75",
    "title": "Charmin's Artwork #75",
    "price": 15,
    "stock": 10,
    "type": "print"
  },
  {
    "id": "charmin-76",
    "title": "Charmin's Artwork #76",
    "price": 15,
    "stock": 10,
    "type": "print"
  },
  {
    "id": "charmin-77",
    "title": "Charmin's Artwork #77",
    "price": 15,
    "stock": 10,
    "type": "print"
  },
  {
    "id": "charmin-79",
    "title": "Charmin's Artwork #79",
    "price": 15,
    "stock": 10,
    "type": "print"
  },
  {
    "id": "charmin-80",
    "title": "Charmin's Artwork #80",
    "price": 15,
    "stock": 10,
    "type": "print"
  },
  {
    "id": "charmin-81",
    "title": "Charmin's Artwork #81",
    "price": 15,
    "stock": 10,
    "type": "print"
  },
  {
    "id": "charmin-82",
    "title": "Charmin's Artwork #82",
    "price": 15,
    "stock": 10,
    "type": "print"
  },
  {
    "id": "charmin-83",
    "title": "Charmin's Artwork #83",
    "price": 15,
    "stock": 10,
    "type": "print"
  },
  {
    "id": "charmin-84",
    "title": "Charmin's Artwork #84",
    "price": 15,
    "stock": 10,
    "type": "print"
  },
  {
    "id": "charmin-85",
    "title": "Charmin's Artwork #85",
    "price": 15,
    "stock": 10,
    "type": "print"
  },
  {
    "id": "charmin-86",
    "title": "Charmin's Artwork #86",
    "price": 15,
    "stock": 10,
    "type": "print"
  },
  {
    "id": "charmin-87",
    "title": "Charmin's Artwork #87",
    "price": 15,
    "stock": 10,
    "type": "print"
  },
  {
    "id": "charmin-88",
    "title": "Charmin's Artwork #88",
    "price": 15,
    "stock": 10,
    "type": "print"
  },
  {
    "id": "charmin-89",
    "title": "Charmin's Artwork #89",
    "price": 15,
    "stock": 10,
    "type": "print"
  },
  {
    "id": "charmin-90",
    "title": "Charmin's Artwork #90",
    "price": 15,
    "stock": 10,
    "type": "print"
  },
  {
    "id": "charmin-92",
    "title": "Charmin's Artwork #92",
    "price": 15,
    "stock": 10,
    "type": "print"
  },
  {
    "id": "charmin-93",
    "title": "Charmin's Artwork #93",
    "price": 15,
    "stock": 10,
    "type": "print"
  },
  {
    "id": "charmin-95",
    "title": "Charmin's Artwork #95",
    "price": 15,
    "stock": 10,
    "type": "print"
  },
  {
    "id": "charmin-96",
    "title": "Charmin's Artwork #96",
    "price": 15,
    "stock": 10,
    "type": "print"
  },
  {
    "id": "charmin-97",
    "title": "Charmin's Artwork #97",
    "price": 15,
    "stock": 10,
    "type": "print"
  },
  {
    "id": "charmin-98",
    "title": "Charmin's Artwork #98",
    "price": 15,
    "stock": 10,
    "type": "print"
  },
  {
    "id": "charmin-99",
    "title": "Charmin's Artwork #99",
    "price": 15,
    "stock": 10,
    "type": "print"
  }
]